{"language_data": {"ru": {"normalization_data": [["(\u042a|\u044a)(?=\\[|\\]|\\{|\\}|\\<|\\>|\\)|\\(|\\^|\\~|\\_|\\-|\\\u2010|\\;|\\!|\\\u00a1|\\||\\?|\\\u00bf|\\/|\\\u00b7|\\\"|\\\u00ab|\\\u00bb|\\\u201c|\\\u201d|\\\u201e|\\\u2013|\\:|\\,|\\.|\\\u25b6|\\*|\\+|\\'|\\\u2019|\\\u3002|\\\uff0c|\\\u3001|\\\uff64|\\\u201a|\\\uff61|\\\uff1b|\\\uff1a|\\\u300c|\\\u300d|\\\u300e|\\\u300f|\\\uff08|\\\uff09|\\\uff1f|\\\uff01|\\\u2500|\\\u2026|\\\u300a|\\\u300b|\\\u3008|\\\u3009|\\\uff0e|\\\uff5e|\\\u060c|\\\u061f|\\\u0964|\\\u2014|\\\u2027| |$)", ""], ["\u0442\u0441", "t-s"], ["\u044a", "\u201d"], ["\u044c", "\u2019"], ["\u0436", "zh"], ["\u0437", "z"], ["\u044e", "yu"], ["\u044f", "ya"], ["\u044b", "y"], ["\u0475", "y"], ["\u0432", "v"], ["\u0443", "u"], ["\u0446", "ts"], ["\u0442", "t"], ["\u0449", "shch"], ["\u0448", "sh"], ["\u0441", "s"], ["\u0440", "r"], ["\u043f", "p"], ["\u043e", "o"], ["\u043d", "n"], ["\u043c", "m"], ["\u043b", "l"], ["\u0445", "kh"], ["\u043a", "k"], ["\u0456", "i"], ["\u0439", "i"], ["\u0438", "i"], ["\u0433", "g"], ["\u0444", "f"], ["\u0473", "f"], ["\u044d", "e"], ["\u0451", "e"], ["\u0463", "e"], ["\u0435", "e"], ["\u0434", "d"], ["\u0447", "ch"], ["\u0431", "b"], ["\u0430", "a"]]}, "default": {"accented_character_map": {"\u0102": "A", "\u00d7": "x", "\u0106": "C", "\u0389": "\u0397", "\u010a": "C", "\u010e": "D", "\u1ed9": "o", "\u1ef8": "Y", "\u0112": "E", "\u0116": "E", "\u0218": "S", "\u011a": "E", "\u1edb": "o", "\u011e": "G", "\u01a1": "o", "\u1ea3": "a", "\u0122": "G", "\u1ea7": "a", "\u0126": "H", "\u00dd": "Y", "\u1eab": "a", "\u012a": "I", "\u03ad": "\u03b5", "\u1eaf": "a", "\u012e": "I", "\u1eb3": "a", "\u1eb7": "a", "\u0136": "K", "\u1ebb": "e", "\u013a": "l", "\u1ebf": "e", "\u013e": "l", "\u1ee1": "o", "\u00c3": "A", "\u0142": "l", "\u1ec7": "e", "\u0146": "n", "\u00cb": "E", "\u03cd": "\u03c5", "\u1ee3": "o", "\u1ecf": "o", "\u014e": "O", "\u00d3": "O", "\u1ea6": "A", "\u1ed7": "o", "\u0156": "R", "\u00e5": "a", "\u00db": "U", "\u015a": "S", "\u1edf": "o", "\u015e": "S", "\u00e3": "a", "\u0162": "T", "\u00e7": "c", "\u1ee7": "u", "\u0166": "T", "\u00eb": "e", "\u016a": "U", "\u00f7": "/", "\u1eef": "u", "\u016e": "U", "\u1ee9": "u", "\u00f3": "o", "\u0172": "U", "\u1ef7": "y", "\u0176": "Y", "\u00fb": "u", "\u017a": "z", "\u1eeb": "u", "\u00ff": "y", "\u017e": "z", "\u0101": "a", "\u0105": "a", "\u1ebe": "E", "\u0386": "\u0391", "\u0109": "c", "\u00ed": "i", "\u038a": "\u0399", "\u010d": "c", "\u038e": "\u03a5", "\u0111": "d", "\u1ec0": "E", "\u00c2": "A", "\u1ec3": "e", "\u00ef": "i", "\u0119": "e", "\u021b": "t", "\u011d": "g", "\u00c4": "A", "\u0121": "g", "\u1ea0": "A", "\u01af": "U", "\u0125": "h", "\u1ea4": "A", "\u0129": "i", "\u1ea8": "A", "\u03aa": "\u0399", "\u012d": "i", "\u1eac": "A", "\u03ae": "\u03b7", "\u0131": "i", "\u1eb0": "A", "\u0135": "j", "\u1eb4": "A", "\u1ec8": "I", "\u0139": "L", "\u1eb8": "E", "\u013d": "L", "\u1ebc": "E", "\u0141": "L", "\u00c0": "A", "\u00ca": "E", "\u0145": "N", "\u1ec4": "E", "\u00c8": "E", "\u03ca": "\u03b9", "\u014d": "o", "\u1ecc": "O", "\u00cc": "I", "\u0151": "o", "\u00d0": "D", "\u0155": "r", "\u1ed4": "O", "\u0159": "r", "\u00d8": "O", "\u03ce": "\u03c9", "\u015d": "s", "\u1edc": "O", "\u0161": "s", "\u00e0": "a", "\u0165": "t", "\u1ee4": "U", "\u1ed0": "O", "\u0169": "u", "\u00e8": "e", "\u016d": "u", "\u1eec": "U", "\u0171": "u", "\u00f0": "d", "\u00d2": "O", "\u0175": "w", "\u1ef4": "Y", "\u0179": "Z", "\u00f8": "o", "\u017d": "Z", "\u00fc": "u", "\u00d4": "O", "\u03b0": "\u03c5", "\u0100": "A", "\u0104": "A", "\u0108": "C", "\u1ed6": "O", "\u010c": "C", "\u038f": "\u03a9", "\u1ec9": "i", "\u0110": "D", "\u0114": "E", "\u1ed8": "O", "\u0118": "E", "\u021a": "T", "\u011c": "G", "\u1ef6": "Y", "\u1ea1": "a", "\u0120": "G", "\u00da": "U", "\u1ea5": "a", "\u0124": "H", "\u1ea9": "a", "\u0128": "I", "\u03ab": "\u03a5", "\u1ead": "a", "\u012c": "I", "\u03af": "\u03b9", "\u00dc": "U", "\u1eb1": "a", "\u0130": "I", "\u1ef1": "u", "\u1eb5": "a", "\u0134": "J", "\u1eb9": "e", "\u0138": "k", "\u1ebd": "e", "\u013c": "l", "\u00c1": "A", "\u0140": "l", "\u1ec5": "e", "\u0144": "n", "\u1ee0": "O", "\u00c9": "E", "\u0148": "n", "\u03cb": "\u03c5", "\u1ecd": "o", "\u014c": "O", "\u00d1": "N", "\u0150": "O", "\u0115": "e", "\u00e2": "a", "\u1ed5": "o", "\u0154": "R", "\u00d9": "U", "\u0158": "R", "\u1edd": "o", "\u015c": "S", "\u00e4": "a", "\u00e1": "a", "\u0160": "S", "\u1ee5": "u", "\u0164": "T", "\u00e9": "e", "\u0168": "U", "\u1eed": "u", "\u016c": "U", "\u00f1": "n", "\u0170": "U", "\u1ef5": "y", "\u0174": "W", "\u1ee8": "U", "\u00f9": "u", "\u0178": "Y", "\u00fd": "y", "\u017c": "z", "\u1ec1": "e", "\u0103": "a", "\u00ea": "e", "\u0107": "c", "\u0388": "\u0395", "\u010b": "c", "\u038c": "\u039f", "\u010f": "d", "\u00ec": "i", "\u0390": "\u03b9", "\u0113": "e", "\u0117": "e", "\u0219": "s", "\u00c5": "A", "\u011b": "e", "\u1eee": "U", "\u011f": "g", "\u01a0": "O", "\u0123": "g", "\u1ea2": "A", "\u00c7": "C", "\u0127": "h", "\u1ef0": "U", "\u012b": "i", "\u1eaa": "A", "\u03ac": "\u03b1", "\u012f": "i", "\u1eae": "A", "\u01b0": "u", "\u1eb2": "A", "\u0137": "k", "\u1eb6": "A", "\u1ece": "O", "\u013b": "L", "\u1eba": "E", "\u1ecb": "i", "\u013f": "L", "\u00f4": "o", "\u00f5": "o", "\u0143": "N", "\u1ec2": "E", "\u0147": "N", "\u1ec6": "E", "\u00cd": "I", "\u1eca": "I", "\u03cc": "\u03bf", "\u014f": "o", "\u00ce": "I", "\u1ed2": "O", "\u00cf": "I", "\u0157": "r", "\u00d6": "O", "\u1ef9": "y", "\u015b": "s", "\u1eda": "O", "\u015f": "s", "\u1ede": "O", "\u1ed1": "o", "\u0163": "t", "\u1ee2": "O", "\u0167": "t", "\u1ee6": "U", "\u016b": "u", "\u1eea": "U", "\u1ed3": "o", "\u016f": "u", "\u00ee": "i", "\u0173": "u", "\u1ef2": "Y", "\u1ef3": "y", "\u0177": "y", "\u00f6": "o", "\u00d5": "O", "\u017b": "Z", "\u00fa": "u", "\u00f2": "o"}, "version": 0, "normalization_data": [["[\u2019\\\"\u00b4\u2018`\u2032\u02bb\u0301\u0300\u00b4]", "'"], ["[\\[\\]\\{\\}\\<\\>\\)\\(\\^\\~\\_\\-\\\u2010\\;\\!\\\u00a1\\|\\?\\\u00bf\\/\\\u00b7\\\"\\\u00ab\\\u00bb\\\u201c\\\u201d\\\u201e\\\u2013\\:\\,\\.\\\u25b6\\*\\+\\\u2019\\\u3002\\\uff0c\\\u3001\\\uff64\\\u201a\\\uff61\\\uff1b\\\uff1a\\\u300c\\\u300d\\\u300e\\\u300f\\\uff08\\\uff09\\\uff1f\\\uff01\\\u2500\\\u2026\\\u300a\\\u300b\\\u3008\\\u3009\\\uff0e\\\uff5e\\\u060c\\\u061f\\\u0964\\\u2014\\\u2027]", ""], ["\\s+", " "], ["^ | $", ""]]}, "hi": {"normalization_data": [["\u0929", "\u0928\u093c"], ["\u0931", "\u0930\u093c"], ["\u095a", "\u0917\u093c"], ["\u095b", "\u091c\u093c"], ["\u095c", "\u0921\u093c"], ["\u095d", "\u0922\u093c"], ["\u095e", "\u092b\u093c"], ["\u095f", "\u092f\u093c"], ["\u0958", "\u0915\u093c"], ["\u0959", "\u0916\u093c"]]}, "uk": {"normalization_data": [["\u0437\u0433", "z\u00b7h"], ["\u0442\u0441", "t\u00b7s"], ["\u0446\u0433", "ts\u00b7h"], ["\u0441\u0433", "s\u00b7h"], ["\u043a\u0433", "k\u00b7h"], ["\u2019", "\u201d"], ["\u044c", "\u2019"], ["\u0436", "zh"], ["\u0437", "z"], ["\u044e", "yu"], ["\u0457", "yi"], ["\u0454", "ye"], ["\u044f", "ya"], ["\u0439", "y"], ["\u0438", "y"], ["\u0432", "v"], ["\u0443", "u"], ["\u0446", "ts"], ["\u0442", "t"], ["\u0449", "shch"], ["\u0448", "sh"], ["\u0441", "s"], ["\u0440", "r"], ["\u043f", "p"], ["\u043e", "o"], ["\u043d", "n"], ["\u043c", "m"], ["\u043b", "l"], ["\u0445", "kh"], ["\u043a", "k"], ["\u0456", "i"], ["\u0433", "h"], ["\u0491", "g"], ["\u0444", "f"], ["\u0435", "e"], ["\u0434", "d"], ["\u0447", "ch"], ["\u0431", "b"], ["\u0430", "a"]]}, "ar": {"normalization_data": [["\u0622", "\u0627"], ["\u0623", "\u0627"], ["\u0625", "\u0627"], ["\u0627", ""], ["\u062a", ""], ["\u0640", ""], ["\u0648", ""], ["\u064b", ""], ["\u064c", ""], ["\u064d", ""], ["\u064e", ""], ["\u064f", ""], ["\u0650", ""], ["\u0651", ""], ["\u0652", ""]]}, "ja": {"normalization_data": [["\u3041", "\u30a1"], ["\u3043", "\u30a3"], ["\u3045", "\u30a5"], ["\u3047", "\u30a7"], ["\u3049", "\u30a9"], ["\u3042", "\u30a2"], ["\u3044", "\u30a4"], ["\u3046", "\u30a6"], ["\u3048", "\u30a8"], ["\u304a", "\u30aa"], ["\u304b", "\u30ab"], ["\u304d", "\u30ad"], ["\u304f", "\u30af"], ["\u3051", "\u30b1"], ["\u3053", "\u30b3"], ["\u304c", "\u30ac"], ["\u304e", "\u30ae"], ["\u3050", "\u30b0"], ["\u3052", "\u30b2"], ["\u3054", "\u30b4"], ["\u3055", "\u30b5"], ["\u3057", "\u30b7"], ["\u3059", "\u30b9"], ["\u305b", "\u30bb"], ["\u305d", "\u30bd"], ["\u3056", "\u30b6"], ["\u3058", "\u30b8"], ["\u305a", "\u30ba"], ["\u305c", "\u30bc"], ["\u305e", "\u30be"], ["\u305f", "\u30bf"], ["\u3061", "\u30c1"], ["\u3064", "\u30c4"], ["\u3063", "\u30c3"], ["\u3066", "\u30c6"], ["\u3068", "\u30c8"], ["\u3060", "\u30c0"], ["\u3062", "\u30c2"], ["\u3065", "\u30c5"], ["\u3067", "\u30c7"], ["\u3069", "\u30c9"], ["\u306a", "\u30ca"], ["\u306b", "\u30cb"], ["\u306c", "\u30cc"], ["\u306d", "\u30cd"], ["\u306e", "\u30ce"], ["\u306f", "\u30cf"], ["\u3072", "\u30d2"], ["\u3075", "\u30d5"], ["\u3078", "\u30d8"], ["\u307b", "\u30db"], ["\u3070", "\u30d0"], ["\u3073", "\u30d3"], ["\u3076", "\u30d6"], ["\u3079", "\u30d9"], ["\u307c", "\u30dc"], ["\u3071", "\u30d1"], ["\u3074", "\u30d4"], ["\u3077", "\u30d7"], ["\u307a", "\u30da"], ["\u307d", "\u30dd"], ["\u307e", "\u30de"], ["\u307f", "\u30df"], ["\u3080", "\u30e0"], ["\u3081", "\u30e1"], ["\u3082", "\u30e2"], ["\u3083", "\u30e3"], ["\u3084", "\u30e4"], ["\u3085", "\u30e5"], ["\u3086", "\u30e6"], ["\u3087", "\u30e7"], ["\u3088", "\u30e8"], ["\u3089", "\u30e9"], ["\u308a", "\u30ea"], ["\u308b", "\u30eb"], ["\u308c", "\u30ec"], ["\u308d", "\u30ed"], ["\u308e", "\u30ee"], ["\u308f", "\u30ef"], ["\u3090", "\u30f0"], ["\u3091", "\u30f1"], ["\u3092", "\u30f2"], ["\u3093", "\u30f3"], ["\u3094", "\u30f4"], ["\u3095", "\u30f5"], ["\u3096", "\u30f6"], ["\u3000", ""], ["\u30fc", ""], ["\uff10", "0"], ["\uff11", "1"], ["\uff12", "2"], ["\uff13", "3"], ["\uff14", "4"], ["\uff15", "5"], ["\uff16", "6"], ["\uff17", "7"], ["\uff18", "8"], ["\uff19", "9"]]}}, "experiment_courses": {"android": {"el": ["en"], "fr": ["de", "en", "es", "it", "pt"], "en": ["es", "fr", "it", "pt", "nl-NL", "ga", "da", "sv", "tr", "eo", "uk", "ru", "pl", "cy", "he", "vi", "hu", "el", "sw"], "pt": ["de", "es", "fr"], "ru": ["en", "de", "fr", "es"], "vi": ["en"], "de": ["es", "fr"], "ko": ["en"], "it": ["fr", "en", "de"], "hu": ["en"], "tr": ["en", "de"], "ar": ["en", "fr", "de", "sv"], "pl": ["en"], "uk": ["en"], "nl-NL": ["en"], "cs": ["en"], "ro": ["en"], "id": ["en"], "es": ["fr", "pt", "de", "it", "ca", "eo", "gn"]}}, "grading_data_version": 0, "url_generation": {"tests": [{"expected_url": "https://d3kwyfyztuo0xs.cloudfront.net/en/0/c6658f0b5582e05e5ee9adf06121f499", "language_id": "en", "compact_forms": ["I am [a/one] [boy/child/kid].", "I was [a/one] monster."], "features": {"accent_edges": true, "whitespace_as_connector": true, "is_learning": true, "typo": true, "use_language_rules": true, "space_edges": true}}, {"expected_url": "https://d3kwyfyztuo0xs.cloudfront.net/ja/0/a42b953260213805f257e89f38dc0084", "language_id": "ja", "compact_forms": ["[\u305d\u308c\u306f/]\u5fc5\u8981[\u3067\u3059/\u3060]\u3002", "[\u305d\u308c\u306f/]\u5fc5\u8981[/\u304c][\u3042\u308b/\u3042\u308a\u307e\u3059]\u3002", "[\u305d\u308c\u306f/\u305d\u308c\u304c/][\u5fc5\u8981/\u5fc5\u8981\u4e0d\u53ef\u6b20/\u4e0d\u53ef\u6b20/\u5fc5\u9808][/\u306a\u3053\u3068][\u3067\u3059/\u3067\u3042\u308b/\u3060/]\u3002"], "features": {"accent_edges": true, "use_language_rules": true, "space_edges": true, "typo": true, "whitespace_as_connector": true}}, {"expected_url": "https://d3kwyfyztuo0xs.cloudfront.net/uk/0/66dff90563891a88d98ddd6d62de3e56", "language_id": "uk", "compact_forms": ["\u042f \u043e\u0442\u0440\u0438\u043c\u0430\u043b\u0430 \u0434\u0438\u043f\u043b\u043e\u043c \u0431\u0430\u043a\u0430\u043b\u0430\u0432\u0440\u0430.", "\u042f \u043e\u0442\u0440\u0438\u043c\u0430\u0432 \u0434\u0438\u043f\u043b\u043e\u043c \u0431\u0430\u043a\u0430\u043b\u0430\u0432\u0440\u0430.", "\u042f \u043e\u0442\u0440\u0438\u043c\u0430\u0432 \u0441\u0442\u0443\u043f\u0456\u043d\u044c \u0431\u0430\u043a\u0430\u043b\u0430\u0432\u0440\u0430.", "\u042f \u043e\u0442\u0440\u0438\u043c\u0430\u043b\u0430 \u0441\u0442\u0443\u043f\u0456\u043d\u044c \u0431\u0430\u043a\u0430\u043b\u0430\u0432\u0440\u0430."], "features": {"distinct_edges": true, "is_learning": true, "space_edges": true}}], "base_url": "https://d3kwyfyztuo0xs.cloudfront.net/{language_id}/{grading_data_version}/{id}"}}